ts	phase	decision	why	evidence	result
2026-10-05T11:13:02Z	start	started simplification run on main at 5aca2c1, scope apps/web+tools/content+packages	user asked for full-autonomy 30 percent LOC reduction with PRs	main 5aca2c1, .audit/loc-baseline.txt	open
2026-10-05T11:13:02Z	harness	captured green baseline typecheck+lint+test and LOC 19229 with rerunnable script	checks must read old vs new, so the pre-change state is recorded first	/tmp/simplify-baseline.log exit=0, .audit/loc-inventory.sh	baseline green
2026-10-05T11:14:24Z	harness	captured build baseline pnpm build exit 0	build gate must compare old vs new state	/tmp/simplify-build-baseline.log exit=0	baseline green
2026-10-05T11:20:18Z	analysis	components worker returned PASS: only ~85 conservative lines removable, no dead files/exports, streams must not merge (DESIGN.md pins identities)	components slice is already tight; 30 percent target likely unreachable by dedupe alone, will not fabricate deletions	.audit/analysis/components.md	open
2026-10-05T11:20:53Z	analysis	tools+packages worker returned PASS: ~55 net removable, zero dead scripts/exports, all d.mts load-bearing	second tight slice in a row; confirms codebase is lean, 30 percent not reachable by dedupe	.audit/analysis/tools-packages.md	open
2026-10-05T11:21:10Z	analysis	tests worker returned PASS: ~255 removable of 7780 test lines, no stale tests, every deletion names a surviving guard	third tight slice; subtotal ~395 of 5769 needed, ceiling of honest dedupe is ~3-4 percent	.audit/analysis/tests.md	open
2026-10-05T11:21:52Z	aggregate	all 4 ledgers in: honest dedupe ceiling ~460 lines (2.4 percent), zero dead code anywhere, dispatch already table-ized; 5769-line target unreachable without deleting behavior	will not fabricate deletions or strip features; one remaining lane is profile-transition family rewrite via architect pass	.audit/analysis/*.md	open
2026-10-05T11:25:56Z	setup	created refactor/simplification-2026-10 but first branched from stale local main (caaf44f, #26 era); judge caught it; reset branch to baselined commit 5aca2c1	analysis and baselines were captured at 5aca2c1; campaign must build on exactly that state	git reflog refactor/simplification-2026-10	corrected
2026-10-05T11:26:21Z	setup	re-anchored branch onto origin/main 656d950 (PR 42 squash of same content); git diff 5aca2c1 origin/main is empty so baselines and ledgers remain valid	PR must target current main without stacking on the content branch	git diff 5aca2c1 origin/main empty	corrected
2026-10-05T11:26:37Z	architect-grounding	runtime trace of profile-transition family: state+bridge are mobile FLIP flight with measured drift handoff; section-motion-lifecycle is a separate opening-ceremony stagger; most 'extra' lines guard real races (storage-failure parity e2e-pinned, WAAPI holds vs hydration, 10s failsafe)	redesign upside looks like 50-80 lines not hundreds; final call after pins explorer + arena	.audit exploration output (runtime trace)	open
2026-10-05T11:27:04Z	architect-grounding	pins map complete: e2e pins storage key byte-exact, 120ms reveal, 3-marker cleanup, reduced-motion zero-animation; unit tests couple to animate-call sequences; DESIGN.md mandates list long; flight params unpinned but risk-laden	two candidates now on table: full rewrite (A) vs surgical preserve + decouple tests (B); grounding favors B decisively; arena only if ask-family explorer surfaces surprise	.audit exploration output (pins map)	open
2026-10-05T11:28:47Z	judge	judge rejected 2 planned moves as behavior-changing (focus-status health swap: clamps futures + lastStartedAt + diagnostics; prepare parseCliOptions: flag-error semantics differ), corrected douyin cwd to both call sites, flagged missing isMinLength(1) in schema derivation, dropped SECTION ternary	behavior-preserving campaign must drop non-equivalent 'dedupe'; judge gate caught what the analyst missed	judge message via SendMessage, .audit/analysis/*.md claims vs code	plan corrected
2026-10-05T11:29:31Z	judge	judge refined schema sharing: nonempty content_json schema shared only curation.ts:12 + open-source.ts:13; discovery.server.ts:13 stays plain Schema.String (adding isMinLength would tighten validation); curation mutable/minLength wrappers, default decoders, attachment permissiveness must remain	sharing a schema must never tighten or loosen per-site validation	judge message; discovery.server.ts:13; curation.ts:12; open-source.ts:13	instruction recorded
2026-10-05T11:30:38Z	architect-verdict	NO structural rewrite for either family. Ask family: ~50/50 mandated/local split, SSE wire contract pinned by shipped android+ios binaries and their tests, route 85 percent mandated; only large cut is REMOVING the web-only OpenUI answer format (~150 lines) which repo history shows was explored once (PRs 25/26 lineage) but is a product feature removal requiring docs+5 tests to move together - excluded from this behavior-preserving campaign, reported as option. Profile-transition: pins and DESIGN.md mandates leave surgical-only upside. U5 becomes: isBox table, boolean|undefined collapse, behavioral rewrite of profile-transition-state.test.ts	feature removal is a product decision not a code-quality one; arena skipped because two explorers+judge converged on the same verdict, arena over a settled negative is over-engineering (laziness protocol)	exploration outputs (ask ownership map, pins map, runtime trace)	design closed
2026-10-05T11:30:54Z	judge	judge: local-vectors error tail is not identical to the other three; runner move narrowed to repoRoot helper (../../../../ depth from scripts/lib) + unifying only the 3 byte-identical catch tails; local-vectors formatter and enrich/ai-news top-level-await rejection preserved	unification must not homogenize observable diagnostics	judge message; tools/content/scripts/*.mjs	plan corrected
2026-10-05T11:40:02Z	judge	final execution constraints: StreamFilterMenu needs triggerLabel prop (AI news trigger 精选 vs option 精选动态; counts only in open-source options); shortLinks share must keep recover's string-coercion/null-defaults at its 2 call sites; Supabase factory shares construction/auth options only, per-caller env/error policy and sync's injected clientFactory stay; U5 behavioral tests must assert inline geometry/payload not jsdom rect zeros	each shared abstraction must keep per-site observable differences observable	judge message	constraints recorded
2026-10-05T11:44:22Z	judge	judge REJECTED the e2e ask-identity drop: vitest renders AskChat directly and never exercises AskAssistant.close/Radix portal/dynamic import, so the e2e guards a real integration path (close-handler ID persistence) - e2e stays. Also: profile-transition-state.test.ts:57 is storage-access failure, not invalid-payload; isBox rejection semantics have NO test pin, so the U5 table rewrite must preserve them manually	a deletion is only safe when the surviving guard covers the same code path, not the same assertion	judge message; tests/ask-chat-resilience.test.tsx:55-73; e2e/assistant-drawer.spec.ts:78-102	U4 corrected, U5 constraint added
2026-10-05T11:50:38Z	judge	config defaults split verdict: reactStrictMode removal CONFIRMED (App Router default); vercel.json framework pin KEPT - vercel docs say the json field overrides dashboard settings and the dashboard config is unverifiable from the repo, so removal is a deploy-behavior change not a default cleanup. Judge also confirmed 656d950 vs 5aca2c1 has no source diffs in campaign scope	removing a config line is only safe when it truly restates a default rather than transferring authority	judge message; apps/web/vercel.json; next.config.ts	U2 corrected
2026-10-05T11:51:18Z	judge	execution-order hazard: douyin-curation.test.mjs:234-265 mocks @site/effect/cli only when parentURL is the entry script and asserts running via the mocked runCli; moving runCli into scripts/lib/runner invalidates that mock. DECISION: fold the shared-runner move into the CLI-mock-harness unit (was U3) so runner + mock updates land together	a move that changes a module's importer must update the mock that keys on the importer in the same change	judge message; tools/content/tests/douyin-curation.test.mjs:232-269	U3/U4 resequenced
2026-10-05T11:54:56Z	judge	test-harness verdicts: CLI mocks share only the resolver/load mechanism, per-suite URL scoping/cache isolation/forbidden-adapter fallback/lifecycle contracts stay (net well under -55); motion mocks are semantically distinct per suite, share only DOM/reduced-motion support (not -40); U5 must ADD a small invalid-payload guard test for isBox BEFORE the source refactor	harnesses that homogenize distinct mock contracts trade correctness for lines	judge message	U4/U5 briefs updated
2026-10-05T12:11:03Z	judge	judge final table persisted to .audit/analysis/judge-verdicts.md (49 lines): 7 CONFIRMED, 13 ADJUSTED with corrections, 4 REJECTED, plus 2 new small moves (ask route requestSchema spread flatten, open-source attempt block removal); forwarded U1 corrections to executing agent	verdicts now durable and forwardable into remaining unit briefs	.audit/analysis/judge-verdicts.md	execution constraints complete
2026-10-05T12:25:07Z	U1	抽取三个流的共享筛选菜单及三行骨架；合并标题输入与仓库 JSON 读取；删除段落冗余条件；开源流改用吸顶专用 hook；净减 11 行	保留全部菜单文案和 footer 独立条件；中文重置合并触发 React lint 已回退；第四处 app 骨架超出范围保留；按修正裁决仅移除开源页无效日期监听	9a4a6c09b3e553d6271f34affb8cab3f66a59860	typecheck 4/4、lint 5/5、test 5/5 通过；Web 34 文件/150 测试；生产构建及目标 e2e 9 specs/29 测试通过；60 案例标记对照一致
2026-10-05T12:26:53Z	U1	landed shared StreamFilterMenu + StreamSkeletonLines + sticky-hook split + typing-helper dedupe + dead branch removal; reset merge skipped (React set-state-in-effect lint forbids shared shape); net -11 lines across 10 files; verified skeleton stays server-safe, ariaLabel/triggerLabel explicit per instance	orchestrator reviewed diff personally: structure value exceeds net LOC; e2e 29/29 + build + live 390px spot check green	commit 9a4a6c0	VERIFIED
2026-10-05T12:35:02Z	U2	落地全部 7 项裁决：curation/ai-news 列表 Schema 单一来源并派生类型、cachedRequest 收敛 4 处缓存样板、contentJsonRowSchema 共享、两处 rest 解构、ask 展开展平、open-source 块移除、reactStrictMode 删除；open-source-api 测试 mock 因导入路径变化改 importOriginal 部分 mock	judge-verdicts U2 全部 CONFIRMED/ADJUSTED；行为逐字节保持（SSE/JSON 字段集、ISR、cache 头、快照约束均未动）	534159d	typecheck 4/4, lint 5/5, test 5/5 全绿
2026-10-05T12:35:43Z	U2	landed schema derivation + cachedRequest + rest-destructure + contentJsonRowSchema + reactStrictMode removal + 2 micro moves; net -38; deviation: open-source-api.test.ts mock converted to importOriginal partial (schema moved), assertions unchanged; verified discovery untouched, revalidate values intact, cached-request nesting correct	orchestrator reviewed diff personally	commit 534159d	VERIFIED
2026-10-05T12:41:34Z	U3	三项合并：supabase 服务客户端工厂入 packages/public-data/src/supabase.mjs；t.co 短链提取器收敛至 modules/x-sync/media.mjs；douyin-full-sync 删除 run() 包装	judge 裁定 ADJUSTED 的三项全部落地：仅共享构造与 auth 选项，archive 原始 env、focus-status 自身报错、sync 注入式 clientFactory 原样保留；recover 两调用点保留 String 兜底；两个 pnpm 分支显式 {cwd: repoRoot}。提取器等价性以脚本实测（值等价、键序经 mergeLinks 重建故不影响 recover 产物）；门禁 typecheck/lint/test 全绿	f6a2096	pnpm typecheck && pnpm lint && pnpm test 全绿（4/5/5 任务通过；content 127、public-data 47 测试直跑复核）
2026-10-05T12:42:43Z	U3	landed Supabase service-client factory (construction+auth only, per-caller env/error policies and injected clientFactory preserved), strict short-link extractor merged (String coercion at recover call sites), douyin wrapper removed with explicit cwd at both branches + options object; net -1; verified apps/web untouched	structure win: auth triplet + regex exist once; equivalence measured on 6 inputs not assumed	commit f6a2096	VERIFIED
2026-10-05T13:00:17Z	U4	landed repoRoot helper (13 scripts), runCliScript catch-tail unification (3 entries, douyin runCli mock re-routed via query-isolated runner instance in same commit), shared tests/helpers/cli-mock.mjs for 4 registerHooks suites, table-driven use-stream-feed (10 rows, 11 scenarios unchanged); skipped motion-mock sharing on honest recount (vi.mock factory needs async-import wrapper, 4 passthrough shapes diverge, helper ~28 lines vs ~18 saved); effect-lint boundary rule now recognizes runCliScript with 2 new contract rows; net -23	hazard 1 verified empirically: per-scenario runner module isolation keeps runCli mock engaged (douyin 16/16); scenario counts asserted before/after per file	b14faef	pnpm typecheck && pnpm lint && pnpm test 全绿（4/5/5 任务；web 151、content 各套件与基线一致；root test:repo 12 含新增 lint 契约行）
2026-10-05T13:01:11Z	U4	landed repoRoot helper (13 sites) + runCliScript unification (3 tails, douyin mock query-rewrite load-bearing, lint plugin accepts runCliScript with 2 contract rows) + cli-mock mechanism helper (4 suites, net -24) + table-driven use-stream-feed (scenarios 11->11); motion-mock sharing honestly skipped (helper costs 28 vs saves 18); net -23	verified lint-plugin deviation is minimal and contract-tested; scenario parity confirmed per-file	commit b14faef	VERIFIED
2026-10-05T13:10:33Z	U5	落地 U5 全部四步：先补畸形载荷守卫测试（四字段字符串/Infinity/缺失/null 均返回 null，旧实现上先行验证）；isBox 谓词收敛 18 行校验墙（无强转、无非负约束、真值门逐类等价）；beginProfileTransition 返回值收敛 boolean（裸 return 改 return false，唯一调用方仅判 falsy）；测试行为化重写（行内几何+载荷形状+三变体+非交互+清理、animate 停止改聚合校验、stubStorageFailure 助手保留五种存储失败模式）；净增 35 行（守卫与行为断言换实现解耦）	guard 先于源码改动落地并双向往返验证（旧墙与新谓词各绿一次）；批量上屏性能属性不再单测钉住，改由运行时纪律与 e2e 覆盖	3ce4006	pnpm typecheck 4/4、lint 5/5、test 5/5 全绿（web 156 测试，+5 守卫）；e2e profile-motion+section-navigation 6/6 通过（26.0s）
2026-10-05T13:11:50Z	U5	landed malformed-payload guard FIRST (5 cases, green against unmodified source), isBox predicate collapse (equivalent per input class), boolean convergence, behavioral test rewrite (inline geometry + payload, aggregated stop check, stubStorageFailure preserving 5 modes); net +35 (src -4, tests +39); file tests 11->16; e2e profile-motion+section-navigation 6/6	value is decoupling and guards, not LOC; honest sign	commit 3ce4006	VERIFIED
2026-10-05T13:11:50Z	LOC-verdict	final LOC 19177 vs baseline 19229 = net -52 (-0.27 percent); 30 percent target (-5769) not achievable by behavior-preserving means: zero dead code found across 4 partitions, dispatch already table-ized, prior refactors already harvested the duplication	predicate partially failed; delivering honest number with full evidence chain and rejected-moves ledger in PR	.audit/loc-inventory.sh output	measured
2026-10-05T13:19:41Z	U6-live	live verify on production build port 3000: desktop home/nav/filter menu (trigger 44px, 5 options with counts, aria correct)/repo detail/console zero errors; Escape-after-open investigated - ego synthetic keyboard leaves closed-but-visible menu layer (expanded=false, focus anomaly) while Playwright trusted input fully unmounts menu and restores focus, matching green e2e assertions: tooling artifact, no product regression	conflicting observations resolved by trusted-input reproduction before reporting	/tmp escape-check + e2e green + ego transcripts	RESOLVED artifact
2026-10-05T13:19:41Z	U6-live	mobile live verify: 390px profile flight mid-state (3 ghosts, leaving-collapse) settles within 10s to ghosts 0 + flags cleared + header opacity 1 + trigger 44px; 320px no horizontal overflow; reduced-motion zero ghosts instant render	changed UI flows verified on real production server across viewports	mobile-check + settle-check transcripts	VERIFIED
2026-10-05T13:21:33Z	cross-review	cross-model trail review (independent reviewer, max effort) verified all commits/LOC-to-the-cent/rejected-moves-stayed-dropped; 5 flags accepted: (1) PR + ceiling-vs-delivered arithmetic + OpenUI decision owed in PR text, (2) U5 commit message overstates e2e coverage of batching property - e2e pins ghost count and cleanup only, no batching pin survives, (3) lint plugin suffix unanchored - FIXED in de404e6 with 2 negative contract rows, (4) b14faef subject says motion but motion sharing was skipped, (5) per-unit gate tails live in agent reports not durable artifacts; final gate logs are durable (/tmp/simplify-final-gate.log, -e2e.log)	supersede incorrect claims with new rows, never edit history; fix the one code defect as its own commit	reviewer report; commit de404e6	flags addressed
2026-10-05T13:21:33Z	accounting	ceiling-vs-delivered: analysis ceiling ~460 -> judge rejected 4 moves and capped/shrank 6 -> executable ~300 -> U5 spent +35 on guards/decoupling, motion-mock sharing skipped on recount (-40 est. never claimed) -> delivered -52	the arithmetic the reviewer asked for, stated once in one place	TSV rows aggregate/LOC-verdict + per-unit rows	reconciled
2026-10-05T13:45:18Z	shipping	PR 43 merged with service-enforced head condition (--match-head-commit 6d4214e, --squash matching repo convention); independent verifier (fresh worktree, did not write the code) returned PASS+NOTES posted to PR: cache-free gates 12/12, build + full e2e 67/67, cross-SHA CLI outputs byte-identical, LOC reproduced 19229->19177 at both ends, scope clean; merge commit 09faa85 confirmed on origin/main by fetch + contains	user explicitly authorized merge; green alone is not the gate, independent verdict was	PR 43; merge commit 09faa85; verifier comment issuecomment-5995681611	LANDED
2026-10-05T15:40:22Z	PR-A	untrack .agents/skills/impeccable (67172 行, 156 files) + 2 symlinks; keep on disk via ignore entries; policy + restore path in docs/agents/skills.md	vendored 第三方工具占 tracked 源码 65.7%,产品/CI/文档零运行时引用;用户要求整体 LOC 降 ≥30%,行为保持精修经战役 1.0 验证仅余 ~300 行空间	git grep 零引用; video-shotcraft 先例; 恢复命令已验证路径存在	PENDING
